-- phpMyAdmin SQL Dump
-- version 5.0.2
-- https://www.phpmyadmin.net/
--
-- Host: 127.0.0.1:3306
-- Generation Time: Apr 04, 2021 at 03:32 PM
-- Server version: 8.0.21
-- PHP Version: 7.3.21

SET SQL_MODE = "NO_AUTO_VALUE_ON_ZERO";
START TRANSACTION;
SET time_zone = "+00:00";


/*!40101 SET @OLD_CHARACTER_SET_CLIENT=@@CHARACTER_SET_CLIENT */;
/*!40101 SET @OLD_CHARACTER_SET_RESULTS=@@CHARACTER_SET_RESULTS */;
/*!40101 SET @OLD_COLLATION_CONNECTION=@@COLLATION_CONNECTION */;
/*!40101 SET NAMES utf8mb4 */;

--
-- Database: `thehelpinghand`
--

-- --------------------------------------------------------

--
-- Table structure for table `admin`
--

DROP TABLE IF EXISTS `admin`;
CREATE TABLE IF NOT EXISTS `admin` (
  `id` varchar(40) CHARACTER SET utf8mb4 COLLATE utf8mb4_0900_ai_ci NOT NULL,
  `name` text NOT NULL,
  `pass` varchar(255) NOT NULL,
  PRIMARY KEY (`id`)
) ENGINE=MyISAM DEFAULT CHARSET=utf8mb4 COLLATE=utf8mb4_0900_ai_ci;

--
-- Dumping data for table `admin`
--

INSERT INTO `admin` (`id`, `name`, `pass`) VALUES
('admin@helpinghand.com', 'Yashasavi Mishra', '$2y$10$roziPxsa8xc8XcKRkvxb5.kRJehBoLa0LBidc2xB/FciqzWKUK8/K'),
('admin2@helpinghand.com', 'Sankalp Prihtyani', '$2y$10$I4shNZR.P.PQsaMG6M6x8eyYAZTo7U4xbsfWg8oYUtpfxtofNGXn2');

-- --------------------------------------------------------

--
-- Table structure for table `categories`
--

DROP TABLE IF EXISTS `categories`;
CREATE TABLE IF NOT EXISTS `categories` (
  `categoryName` varchar(60) NOT NULL,
  `icon` text NOT NULL,
  `total` bigint NOT NULL DEFAULT '0',
  PRIMARY KEY (`categoryName`)
) ENGINE=MyISAM DEFAULT CHARSET=utf8mb4 COLLATE=utf8mb4_0900_ai_ci;

--
-- Dumping data for table `categories`
--

INSERT INTO `categories` (`categoryName`, `icon`, `total`) VALUES
('Books', 'fas fa-book category-icon', 1),
('Art And Culture', 'fab fa-artstation category-icon', 1),
('Kitchenware', 'fas fa-sink category-icon', 1),
('Clothes', 'fas fa-tshirt category-icon', 0),
('Animals And Humane', 'fas fa-paw category-icon', 2),
('Disaster Relief', 'fas fa-house-damage category-icon', 0);

-- --------------------------------------------------------

--
-- Table structure for table `city`
--

DROP TABLE IF EXISTS `city`;
CREATE TABLE IF NOT EXISTS `city` (
  `stateID` text NOT NULL,
  `cityName` text NOT NULL
) ENGINE=MyISAM DEFAULT CHARSET=utf8mb4 COLLATE=utf8mb4_0900_ai_ci;

--
-- Dumping data for table `city`
--

INSERT INTO `city` (`stateID`, `cityName`) VALUES
('STATE-0', 'Adilabad'),
('STATE-0', 'Anantapur'),
('STATE-0', 'Chittoor'),
('STATE-0', 'Kakinada'),
('STATE-0', 'Guntur'),
('STATE-0', 'Hyderabad'),
('STATE-0', 'Karimnagar'),
('STATE-0', 'Khammam'),
('STATE-0', 'Krishna'),
('STATE-0', 'Kurnool'),
('STATE-0', 'Mahbubnagar'),
('STATE-0', 'Medak'),
('STATE-0', 'Nalgonda'),
('STATE-0', 'Nizamabad'),
('STATE-0', 'Ongole'),
('STATE-0', 'Hyderabad'),
('STATE-0', 'Srikakulam'),
('STATE-0', 'Nellore'),
('STATE-0', 'Visakhapatnam'),
('STATE-0', 'Vizianagaram'),
('STATE-0', 'Warangal'),
('STATE-0', 'Eluru'),
('STATE-0', 'Kadapa'),
('STATE-1', 'Anjaw'),
('STATE-1', 'Changlang'),
('STATE-1', 'East Siang'),
('STATE-1', 'Kurung Kumey'),
('STATE-1', 'Lohit'),
('STATE-1', 'Lower Dibang Valley'),
('STATE-1', 'Lower Subansiri'),
('STATE-1', 'Papum Pare'),
('STATE-1', 'Tawang'),
('STATE-1', 'Tirap'),
('STATE-1', 'Dibang Valley'),
('STATE-1', 'Upper Siang'),
('STATE-1', 'Upper Subansiri'),
('STATE-1', 'West Kameng'),
('STATE-1', 'West Siang'),
('STATE-2', 'Baksa'),
('STATE-2', 'Barpeta'),
('STATE-2', 'Bongaigaon'),
('STATE-2', 'Cachar'),
('STATE-2', 'Chirang'),
('STATE-2', 'Darrang'),
('STATE-2', 'Dhemaji'),
('STATE-2', 'Dima Hasao'),
('STATE-2', 'Dhubri'),
('STATE-2', 'Dibrugarh'),
('STATE-2', 'Goalpara'),
('STATE-2', 'Golaghat'),
('STATE-2', 'Hailakandi'),
('STATE-2', 'Jorhat'),
('STATE-2', 'Kamrup'),
('STATE-2', 'Kamrup Metropolitan'),
('STATE-2', 'Karbi Anglong'),
('STATE-2', 'Karimganj'),
('STATE-2', 'Kokrajhar'),
('STATE-2', 'Lakhimpur'),
('STATE-2', 'Marigaon'),
('STATE-2', 'Nagaon'),
('STATE-2', 'Nalbari'),
('STATE-2', 'Sibsagar'),
('STATE-2', 'Sonitpur'),
('STATE-2', 'Tinsukia'),
('STATE-2', 'Udalguri'),
('STATE-3', 'Araria'),
('STATE-3', 'Arwal'),
('STATE-3', 'Aurangabad'),
('STATE-3', 'Banka'),
('STATE-3', 'Begusarai'),
('STATE-3', 'Bhagalpur'),
('STATE-3', 'Bhojpur'),
('STATE-3', 'Buxar'),
('STATE-3', 'Darbhanga'),
('STATE-3', 'East Champaran'),
('STATE-3', 'Gaya'),
('STATE-3', 'Gopalganj'),
('STATE-3', 'Jamui'),
('STATE-3', 'Jehanabad'),
('STATE-3', 'Kaimur'),
('STATE-3', 'Katihar'),
('STATE-3', 'Khagaria'),
('STATE-3', 'Kishanganj'),
('STATE-3', 'Lakhisarai'),
('STATE-3', 'Madhepura'),
('STATE-3', 'Madhubani'),
('STATE-3', 'Munger'),
('STATE-3', 'Muzaffarpur'),
('STATE-3', 'Nalanda'),
('STATE-3', 'Nawada'),
('STATE-3', 'Patna'),
('STATE-3', 'Purnia'),
('STATE-3', 'Rohtas'),
('STATE-3', 'Saharsa'),
('STATE-3', 'Samastipur'),
('STATE-3', 'Saran'),
('STATE-3', 'Sheikhpura'),
('STATE-3', 'Sheohar'),
('STATE-3', 'Sitamarhi'),
('STATE-3', 'Siwan'),
('STATE-3', 'Supaul'),
('STATE-3', 'Vaishali'),
('STATE-3', 'West Champaran'),
('STATE-3', 'Chandigarh'),
('STATE-4', 'Bastar'),
('STATE-4', 'Bijapur'),
('STATE-4', 'Bilaspur'),
('STATE-4', 'Dantewada'),
('STATE-4', 'Dhamtari'),
('STATE-4', 'Durg'),
('STATE-4', 'Jashpur'),
('STATE-4', 'Janjgir-Champa'),
('STATE-4', 'Korba'),
('STATE-4', 'Koriya'),
('STATE-4', 'Kanker'),
('STATE-4', 'Kabirdham (Kawardha)'),
('STATE-4', 'Mahasamund'),
('STATE-4', 'Narayanpur'),
('STATE-4', 'Raigarh'),
('STATE-4', 'Rajnandgaon'),
('STATE-4', 'Raipur'),
('STATE-4', 'Surguja'),
('STATE-5', 'Dadra and Nagar Haveli'),
('STATE-6', 'Daman'),
('STATE-6', 'Diu'),
('STATE-7', 'Central Delhi'),
('STATE-7', 'East Delhi'),
('STATE-7', 'New Delhi'),
('STATE-7', 'North Delhi'),
('STATE-7', 'North East Delhi'),
('STATE-7', 'North West Delhi'),
('STATE-7', 'South Delhi'),
('STATE-7', 'South West Delhi'),
('STATE-7', 'West Delhi'),
('STATE-8', 'North Goa'),
('STATE-8', 'South Goa'),
('STATE-9', 'Ahmedabad'),
('STATE-9', 'Amreli district'),
('STATE-9', 'Anand'),
('STATE-9', 'Banaskantha'),
('STATE-9', 'Bharuch'),
('STATE-9', 'Bhavnagar'),
('STATE-9', 'Dahod'),
('STATE-9', 'The Dangs'),
('STATE-9', 'Gandhinagar'),
('STATE-9', 'Jamnagar'),
('STATE-9', 'Junagadh'),
('STATE-9', 'Kutch'),
('STATE-9', 'Kheda'),
('STATE-9', 'Mehsana'),
('STATE-9', 'Narmada'),
('STATE-9', 'Navsari'),
('STATE-9', 'Patan'),
('STATE-9', 'Panchmahal'),
('STATE-9', 'Porbandar'),
('STATE-9', 'Rajkot'),
('STATE-9', 'Sabarkantha'),
('STATE-9', 'Surendranagar'),
('STATE-9', 'Surat'),
('STATE-9', 'Vyara'),
('STATE-9', 'Vadodara'),
('STATE-9', 'Valsad'),
('STATE-10', 'Ambala'),
('STATE-10', 'Bhiwani'),
('STATE-10', 'Faridabad'),
('STATE-10', 'Fatehabad'),
('STATE-10', 'Gurgaon'),
('STATE-10', 'Hissar'),
('STATE-10', 'Jhajjar'),
('STATE-10', 'Jind'),
('STATE-10', 'Karnal'),
('STATE-10', 'Kaithal'),
('STATE-10', 'Kurukshetra'),
('STATE-10', 'Mahendragarh'),
('STATE-10', 'Mewat'),
('STATE-10', 'Palwal'),
('STATE-10', 'Panchkula'),
('STATE-10', 'Panipat'),
('STATE-10', 'Rewari'),
('STATE-10', 'Rohtak'),
('STATE-10', 'Sirsa'),
('STATE-10', 'Sonipat'),
('STATE-10', 'Yamuna Nagar'),
('STATE-11', 'Bilaspur'),
('STATE-11', 'Chamba'),
('STATE-11', 'Hamirpur'),
('STATE-11', 'Kangra'),
('STATE-11', 'Kinnaur'),
('STATE-11', 'Kullu'),
('STATE-11', 'Lahaul and Spiti'),
('STATE-11', 'Mandi'),
('STATE-11', 'Shimla'),
('STATE-11', 'Sirmaur'),
('STATE-11', 'Solan'),
('STATE-11', 'Una'),
('STATE-12', 'Anantnag'),
('STATE-12', 'Badgam'),
('STATE-12', 'Bandipora'),
('STATE-12', 'Baramulla'),
('STATE-12', 'Doda'),
('STATE-12', 'Ganderbal'),
('STATE-12', 'Jammu'),
('STATE-12', 'Kargil'),
('STATE-12', 'Kathua'),
('STATE-12', 'Kishtwar'),
('STATE-12', 'Kupwara'),
('STATE-12', 'Kulgam'),
('STATE-12', 'Leh'),
('STATE-12', 'Poonch'),
('STATE-12', 'Pulwama'),
('STATE-12', 'Rajauri'),
('STATE-12', 'Ramban'),
('STATE-12', 'Reasi'),
('STATE-12', 'Samba'),
('STATE-12', 'Shopian'),
('STATE-12', 'Srinagar'),
('STATE-12', 'Udhampur'),
('STATE-13', 'Bokaro'),
('STATE-13', 'Chatra'),
('STATE-13', 'Deoghar'),
('STATE-13', 'Dhanbad'),
('STATE-13', 'Dumka'),
('STATE-13', 'East Singhbhum'),
('STATE-13', 'Garhwa'),
('STATE-13', 'Giridih'),
('STATE-13', 'Godda'),
('STATE-13', 'Gumla'),
('STATE-13', 'Hazaribag'),
('STATE-13', 'Jamtara'),
('STATE-13', 'Khunti'),
('STATE-13', 'Koderma'),
('STATE-13', 'Latehar'),
('STATE-13', 'Lohardaga'),
('STATE-13', 'Pakur'),
('STATE-13', 'Palamu'),
('STATE-13', 'Ramgarh'),
('STATE-13', 'Ranchi'),
('STATE-13', 'Sahibganj'),
('STATE-13', 'Seraikela Kharsawan'),
('STATE-13', 'Simdega'),
('STATE-13', 'West Singhbhum'),
('STATE-14', 'Bagalkot'),
('STATE-14', 'Bangalore Rural'),
('STATE-14', 'Bangalore Urban'),
('STATE-14', 'Belgaum'),
('STATE-14', 'Bellary'),
('STATE-14', 'Bidar'),
('STATE-14', 'Bijapur'),
('STATE-14', 'Chamarajnagar'),
('STATE-14', 'Chikkamagaluru'),
('STATE-14', 'Chikkaballapur'),
('STATE-14', 'Chitradurga'),
('STATE-14', 'Davanagere'),
('STATE-14', 'Dharwad'),
('STATE-14', 'Dakshina Kannada'),
('STATE-14', 'Gadag'),
('STATE-14', 'Gulbarga'),
('STATE-14', 'Hassan'),
('STATE-14', 'Haveri district'),
('STATE-14', 'Kodagu'),
('STATE-14', 'Kolar'),
('STATE-14', 'Koppal'),
('STATE-14', 'Mandya'),
('STATE-14', 'Mysore'),
('STATE-14', 'Raichur'),
('STATE-14', 'Shimoga'),
('STATE-14', 'Tumkur'),
('STATE-14', 'Udupi'),
('STATE-14', 'Uttara Kannada'),
('STATE-14', 'Ramanagara'),
('STATE-14', 'Yadgir'),
('STATE-15', 'Alappuzha'),
('STATE-15', 'Ernakulam'),
('STATE-15', 'Idukki'),
('STATE-15', 'Kannur'),
('STATE-15', 'Kasaragod'),
('STATE-15', 'Kollam'),
('STATE-15', 'Kottayam'),
('STATE-15', 'Kozhikode'),
('STATE-15', 'Malappuram'),
('STATE-15', 'Palakkad'),
('STATE-15', 'Pathanamthitta'),
('STATE-15', 'Thrissur'),
('STATE-15', 'Thiruvananthapuram'),
('STATE-15', 'Wayanad'),
('STATE-16', 'Alirajpur'),
('STATE-16', 'Anuppur'),
('STATE-16', 'Ashok Nagar'),
('STATE-16', 'Balaghat'),
('STATE-16', 'Barwani'),
('STATE-16', 'Betul'),
('STATE-16', 'Bhind'),
('STATE-16', 'Bhopal'),
('STATE-16', 'Burhanpur'),
('STATE-16', 'Chhatarpur'),
('STATE-16', 'Chhindwara'),
('STATE-16', 'Damoh'),
('STATE-16', 'Datia'),
('STATE-16', 'Dewas'),
('STATE-16', 'Dhar'),
('STATE-16', 'Dindori'),
('STATE-16', 'Guna'),
('STATE-16', 'Gwalior'),
('STATE-16', 'Harda'),
('STATE-16', 'Hoshangabad'),
('STATE-16', 'Indore'),
('STATE-16', 'Jabalpur'),
('STATE-16', 'Jhabua'),
('STATE-16', 'Katni'),
('STATE-16', 'Khandwa (East Nimar)'),
('STATE-16', 'Khargone (West Nimar)'),
('STATE-16', 'Mandla'),
('STATE-16', 'Mandsaur'),
('STATE-16', 'Morena'),
('STATE-16', 'Narsinghpur'),
('STATE-16', 'Neemuch'),
('STATE-16', 'Panna'),
('STATE-16', 'Rewa'),
('STATE-16', 'Rajgarh'),
('STATE-16', 'Ratlam'),
('STATE-16', 'Raisen'),
('STATE-16', 'Sagar'),
('STATE-16', 'Satna'),
('STATE-16', 'Sehore'),
('STATE-16', 'Seoni'),
('STATE-16', 'Shahdol'),
('STATE-16', 'Shajapur'),
('STATE-16', 'Sheopur'),
('STATE-16', 'Shivpuri'),
('STATE-16', 'Sidhi'),
('STATE-16', 'Singrauli'),
('STATE-16', 'Tikamgarh'),
('STATE-16', 'Ujjain'),
('STATE-16', 'Umaria'),
('STATE-16', 'Vidisha'),
('STATE-17', 'Ahmednagar'),
('STATE-17', 'Akola'),
('STATE-17', 'Amravati'),
('STATE-17', 'Aurangabad'),
('STATE-17', 'Bhandara'),
('STATE-17', 'Beed'),
('STATE-17', 'Buldhana'),
('STATE-17', 'Chandrapur'),
('STATE-17', 'Dhule'),
('STATE-17', 'Gadchiroli'),
('STATE-17', 'Gondia'),
('STATE-17', 'Hingoli'),
('STATE-17', 'Jalgaon'),
('STATE-17', 'Jalna'),
('STATE-17', 'Kolhapur'),
('STATE-17', 'Latur'),
('STATE-17', 'Mumbai City'),
('STATE-17', 'Mumbai suburban'),
('STATE-17', 'Nandurbar'),
('STATE-17', 'Nanded'),
('STATE-17', 'Nagpur'),
('STATE-17', 'Nashik'),
('STATE-17', 'Osmanabad'),
('STATE-17', 'Parbhani'),
('STATE-17', 'Pune'),
('STATE-17', 'Raigad'),
('STATE-17', 'Ratnagiri'),
('STATE-17', 'Sindhudurg'),
('STATE-17', 'Sangli'),
('STATE-17', 'Solapur'),
('STATE-17', 'Satara'),
('STATE-17', 'Thane'),
('STATE-17', 'Wardha'),
('STATE-17', 'Washim'),
('STATE-17', 'Yavatmal'),
('STATE-18', 'Bishnupur'),
('STATE-18', 'Churachandpur'),
('STATE-18', 'Chandel'),
('STATE-18', 'Imphal East'),
('STATE-18', 'Senapati'),
('STATE-18', 'Tamenglong'),
('STATE-18', 'Thoubal'),
('STATE-18', 'Ukhrul'),
('STATE-18', 'Imphal West'),
('STATE-19', 'East Garo Hills'),
('STATE-19', 'East Khasi Hills'),
('STATE-19', 'Jaintia Hills'),
('STATE-19', 'Ri Bhoi'),
('STATE-19', 'South Garo Hills'),
('STATE-19', 'West Garo Hills'),
('STATE-19', 'West Khasi Hills'),
('STATE-20', 'Aizawl'),
('STATE-20', 'Champhai'),
('STATE-20', 'Kolasib'),
('STATE-20', 'Lawngtlai'),
('STATE-20', 'Lunglei'),
('STATE-20', 'Mamit'),
('STATE-20', 'Saiha'),
('STATE-20', 'Serchhip'),
('STATE-21', 'Dimapur'),
('STATE-21', 'Kohima'),
('STATE-21', 'Mokokchung'),
('STATE-21', 'Mon'),
('STATE-21', 'Phek'),
('STATE-21', 'Tuensang'),
('STATE-21', 'Wokha'),
('STATE-21', 'Zunheboto'),
('STATE-22', 'Angul'),
('STATE-22', 'Boudh (Bauda)'),
('STATE-22', 'Bhadrak'),
('STATE-22', 'Balangir'),
('STATE-22', 'Bargarh (Baragarh)'),
('STATE-22', 'Balasore'),
('STATE-22', 'Cuttack'),
('STATE-22', 'Debagarh (Deogarh)'),
('STATE-22', 'Dhenkanal'),
('STATE-22', 'Ganjam'),
('STATE-22', 'Gajapati'),
('STATE-22', 'Jharsuguda'),
('STATE-22', 'Jajpur'),
('STATE-22', 'Jagatsinghpur'),
('STATE-22', 'Khordha'),
('STATE-22', 'Kendujhar (Keonjhar)'),
('STATE-22', 'Kalahandi'),
('STATE-22', 'Kandhamal'),
('STATE-22', 'Koraput'),
('STATE-22', 'Kendrapara'),
('STATE-22', 'Malkangiri'),
('STATE-22', 'Mayurbhanj'),
('STATE-22', 'Nabarangpur'),
('STATE-22', 'Nuapada'),
('STATE-22', 'Nayagarh'),
('STATE-22', 'Puri'),
('STATE-22', 'Rayagada'),
('STATE-22', 'Sambalpur'),
('STATE-22', 'Subarnapur (Sonepur)'),
('STATE-22', 'Sundergarh'),
('STATE-23', 'Karaikal'),
('STATE-23', 'Mahe'),
('STATE-23', 'Pondicherry'),
('STATE-23', 'Yanam'),
('STATE-24', 'Amritsar'),
('STATE-24', 'Barnala'),
('STATE-24', 'Bathinda'),
('STATE-24', 'Firozpur'),
('STATE-24', 'Faridkot'),
('STATE-24', 'Fatehgarh Sahib'),
('STATE-24', 'Fazilka'),
('STATE-24', 'Gurdaspur'),
('STATE-24', 'Hoshiarpur'),
('STATE-24', 'Jalandhar'),
('STATE-24', 'Kapurthala'),
('STATE-24', 'Ludhiana'),
('STATE-24', 'Mansa'),
('STATE-24', 'Moga'),
('STATE-24', 'Sri Muktsar Sahib'),
('STATE-24', 'Pathankot'),
('STATE-24', 'Patiala'),
('STATE-24', 'Rupnagar'),
('STATE-24', 'Ajitgarh (Mohali)'),
('STATE-24', 'Sangrur'),
('STATE-24', 'Nawanshahr'),
('STATE-24', 'Tarn Taran'),
('STATE-25', 'Ajmer'),
('STATE-25', 'Alwar'),
('STATE-25', 'Bikaner'),
('STATE-25', 'Barmer'),
('STATE-25', 'Banswara'),
('STATE-25', 'Bharatpur'),
('STATE-25', 'Baran'),
('STATE-25', 'Bundi'),
('STATE-25', 'Bhilwara'),
('STATE-25', 'Churu'),
('STATE-25', 'Chittorgarh'),
('STATE-25', 'Dausa'),
('STATE-25', 'Dholpur'),
('STATE-25', 'Dungapur'),
('STATE-25', 'Ganganagar'),
('STATE-25', 'Hanumangarh'),
('STATE-25', 'Jhunjhunu'),
('STATE-25', 'Jalore'),
('STATE-25', 'Jodhpur'),
('STATE-25', 'Jaipur'),
('STATE-25', 'Jaisalmer'),
('STATE-25', 'Jhalawar'),
('STATE-25', 'Karauli'),
('STATE-25', 'Kota'),
('STATE-25', 'Nagaur'),
('STATE-25', 'Pali'),
('STATE-25', 'Pratapgarh'),
('STATE-25', 'Rajsamand'),
('STATE-25', 'Sikar'),
('STATE-25', 'Sawai Madhopur'),
('STATE-25', 'Sirohi'),
('STATE-25', 'Tonk'),
('STATE-25', 'Udaipur'),
('STATE-26', 'East Sikkim'),
('STATE-26', 'North Sikkim'),
('STATE-26', 'South Sikkim'),
('STATE-26', 'West Sikkim'),
('STATE-27', 'Ariyalur'),
('STATE-27', 'Chennai'),
('STATE-27', 'Coimbatore'),
('STATE-27', 'Cuddalore'),
('STATE-27', 'Dharmapuri'),
('STATE-27', 'Dindigul'),
('STATE-27', 'Erode'),
('STATE-27', 'Kanchipuram'),
('STATE-27', 'Kanyakumari'),
('STATE-27', 'Karur'),
('STATE-27', 'Madurai'),
('STATE-27', 'Nagapattinam'),
('STATE-27', 'Nilgiris'),
('STATE-27', 'Namakkal'),
('STATE-27', 'Perambalur'),
('STATE-27', 'Pudukkottai'),
('STATE-27', 'Ramanathapuram'),
('STATE-27', 'Salem'),
('STATE-27', 'Sivaganga'),
('STATE-27', 'Tirupur'),
('STATE-27', 'Tiruchirappalli'),
('STATE-27', 'Theni'),
('STATE-27', 'Tirunelveli'),
('STATE-27', 'Thanjavur'),
('STATE-27', 'Thoothukudi'),
('STATE-27', 'Tiruvallur'),
('STATE-27', 'Tiruvarur'),
('STATE-27', 'Tiruvannamalai'),
('STATE-27', 'Vellore'),
('STATE-27', 'Viluppuram'),
('STATE-27', 'Virudhunagar'),
('STATE-28', 'Dhalai'),
('STATE-28', 'North Tripura'),
('STATE-28', 'South Tripura'),
('STATE-28', 'Khowai'),
('STATE-28', 'West Tripura'),
('STATE-29', 'Agra'),
('STATE-29', 'Allahabad'),
('STATE-29', 'Aligarh'),
('STATE-29', 'Ambedkar Nagar'),
('STATE-29', 'Auraiya'),
('STATE-29', 'Azamgarh'),
('STATE-29', 'Barabanki'),
('STATE-29', 'Budaun'),
('STATE-29', 'Bagpat'),
('STATE-29', 'Bahraich'),
('STATE-29', 'Bijnor'),
('STATE-29', 'Ballia'),
('STATE-29', 'Banda'),
('STATE-29', 'Balrampur'),
('STATE-29', 'Bareilly'),
('STATE-29', 'Basti'),
('STATE-29', 'Bulandshahr'),
('STATE-29', 'Chandauli'),
('STATE-29', 'Chhatrapati Shahuji Maharaj Nagar'),
('STATE-29', 'Chitrakoot'),
('STATE-29', 'Deoria'),
('STATE-29', 'Etah'),
('STATE-29', 'Kanshi Ram Nagar'),
('STATE-29', 'Etawah'),
('STATE-29', 'Firozabad'),
('STATE-29', 'Farrukhabad'),
('STATE-29', 'Fatehpur'),
('STATE-29', 'Faizabad'),
('STATE-29', 'Gautam Buddh Nagar'),
('STATE-29', 'Gonda'),
('STATE-29', 'Ghazipur'),
('STATE-29', 'Gorakhpur'),
('STATE-29', 'Ghaziabad'),
('STATE-29', 'Hamirpur'),
('STATE-29', 'Hardoi'),
('STATE-29', 'Mahamaya Nagar'),
('STATE-29', 'Jhansi'),
('STATE-29', 'Jalaun'),
('STATE-29', 'Jyotiba Phule Nagar'),
('STATE-29', 'Jaunpur district'),
('STATE-29', 'Ramabai Nagar (Kanpur Dehat)'),
('STATE-29', 'Kannauj'),
('STATE-29', 'Kanpur'),
('STATE-29', 'Kaushambi'),
('STATE-29', 'Kushinagar'),
('STATE-29', 'Lalitpur'),
('STATE-29', 'Lakhimpur Kheri'),
('STATE-29', 'Lucknow'),
('STATE-29', 'Mau'),
('STATE-29', 'Meerut'),
('STATE-29', 'Maharajganj'),
('STATE-29', 'Mahoba'),
('STATE-29', 'Mirzapur'),
('STATE-29', 'Moradabad'),
('STATE-29', 'Mainpuri'),
('STATE-29', 'Mathura'),
('STATE-29', 'Muzaffarnagar'),
('STATE-29', 'Panchsheel Nagar district (Hapur)'),
('STATE-29', 'Pilibhit'),
('STATE-29', 'Shamli'),
('STATE-29', 'Pratapgarh'),
('STATE-29', 'Rampur'),
('STATE-29', 'Raebareli'),
('STATE-29', 'Saharanpur'),
('STATE-29', 'Sitapur'),
('STATE-29', 'Shahjahanpur'),
('STATE-29', 'Sant Kabir Nagar'),
('STATE-29', 'Siddharthnagar'),
('STATE-29', 'Sonbhadra'),
('STATE-29', 'Sant Ravidas Nagar'),
('STATE-29', 'Sultanpur'),
('STATE-29', 'Shravasti'),
('STATE-29', 'Unnao'),
('STATE-29', 'Varanasi'),
('STATE-30', 'Almora'),
('STATE-30', 'Bageshwar'),
('STATE-30', 'Chamoli'),
('STATE-30', 'Champawat'),
('STATE-30', 'Dehradun'),
('STATE-30', 'Haridwar'),
('STATE-30', 'Nainital'),
('STATE-30', 'Pauri Garhwal'),
('STATE-30', 'Pithoragarh'),
('STATE-30', 'Rudraprayag'),
('STATE-30', 'Tehri Garhwal'),
('STATE-30', 'Udham Singh Nagar'),
('STATE-30', 'Uttarkashi'),
('STATE-31', 'Birbhum'),
('STATE-31', 'Bankura'),
('STATE-31', 'Bardhaman'),
('STATE-31', 'Darjeeling'),
('STATE-31', 'Dakshin Dinajpur'),
('STATE-31', 'Hooghly'),
('STATE-31', 'Howrah'),
('STATE-31', 'Jalpaiguri'),
('STATE-31', 'Cooch Behar'),
('STATE-31', 'Kolkata'),
('STATE-31', 'Maldah'),
('STATE-31', 'Paschim Medinipur'),
('STATE-31', 'Purba Medinipur'),
('STATE-31', 'Murshidabad'),
('STATE-31', 'Nadia'),
('STATE-31', 'North 24 Parganas'),
('STATE-31', 'South 24 Parganas'),
('STATE-31', 'Purulia'),
('STATE-31', 'Uttar Dinajpur');

-- --------------------------------------------------------

--
-- Table structure for table `donation`
--

DROP TABLE IF EXISTS `donation`;
CREATE TABLE IF NOT EXISTS `donation` (
  `id` varchar(30) NOT NULL,
  `donatorID` varchar(30) NOT NULL,
  `donationName` varchar(50) CHARACTER SET utf8mb4 COLLATE utf8mb4_0900_ai_ci NOT NULL,
  `category` varchar(50) NOT NULL,
  `quantity` bigint NOT NULL,
  `description` text NOT NULL,
  `donatedOn` text NOT NULL,
  `upLoadedOn` date NOT NULL,
  `applicants` int NOT NULL DEFAULT '0',
  `verify` bit(1) NOT NULL DEFAULT b'0',
  PRIMARY KEY (`id`)
) ENGINE=MyISAM DEFAULT CHARSET=utf8mb4 COLLATE=utf8mb4_0900_ai_ci;

--
-- Dumping data for table `donation`
--

INSERT INTO `donation` (`id`, `donatorID`, `donationName`, `category`, `quantity`, `description`, `donatedOn`, `upLoadedOn`, `applicants`, `verify`) VALUES
('D-84846684871', 'DON-8484668487', 'Taps', 'Kitchenware', 54, 'Copper Taps', 'Tuesday 30th of March 2021', '0000-00-00', 0, b'0'),
('D-94251551412', 'DON-9425155141', 'Taps & Sink', 'Kitchenware', 457, 'Copper Taps with Sink', 'Saturday 3rd of April 2021', '0000-00-00', 0, b'0'),
('D-94251551413', 'DON-9425155141', 'Education', 'Books', 190, 'Notebooks ', 'Sunday 4th of April 2021', '0000-00-00', 0, b'0'),
('D-799996760711', 'DON-7999967607', 'Saurabh Mishra', 'Animals And Humane', 1, 'cat', 'Friday 19th of March 2021', '0000-00-00', 0, b'0'),
('D-799996760712', 'DON-7999967607', 'Dog', 'Animals And Humane', 2, 'Brown Pomeranian Puppy', 'Tuesday 23rd of March 2021', '0000-00-00', 0, b'1'),
('D-799996760713', 'DON-7999967607', 'Crafting Item', 'Art And Culture', 78, 'Crafting Tools', 'Sunday 28th of March 2021', '0000-00-00', 0, b'1'),
('D-94251551411', 'DON-9425155141', 'Pet', 'Animals And Humane', 4, '4 Chow Chow Dogs', 'Sunday 28th of March 2021', '0000-00-00', 0, b'1');

-- --------------------------------------------------------

--
-- Table structure for table `donationimg`
--

DROP TABLE IF EXISTS `donationimg`;
CREATE TABLE IF NOT EXISTS `donationimg` (
  `id` varchar(30) NOT NULL,
  `imageName` text NOT NULL,
  `imageTmp` text NOT NULL
) ENGINE=MyISAM DEFAULT CHARSET=utf8mb4 COLLATE=utf8mb4_0900_ai_ci;

--
-- Dumping data for table `donationimg`
--

INSERT INTO `donationimg` (`id`, `imageName`, `imageTmp`) VALUES
('D-94251551413', 'confirm.PNG', '../uploads/donation_photos/DON-9425155141/D-94251551413/confirm.PNG'),
('D-84846684871', 'file_23144_chow-chow-460x290.jpg', '../uploads/donation_photos/DON-8484668487/D-84846684871/file_23144_chow-chow-460x290.jpg'),
('D-84846684871', '3-fullbody.jpg', '../uploads/donation_photos/DON-8484668487/D-84846684871/3-fullbody.jpg'),
('D-94251551413', 'Capture_test.PNG', '../uploads/donation_photos/DON-9425155141/D-94251551413/Capture_test.PNG'),
('D-94251551412', 'images.png', '../uploads/donation_photos/DON-9425155141/images.png'),
('D-94251551412', 'babu.jpeg', '../uploads/donation_photos/DON-9425155141/babu.jpeg'),
('D-94251551412', 'anti.JPG', '../uploads/donation_photos/DON-9425155141/anti.JPG'),
('D-799996760711', 'babu.jpeg', '../uploads/donation_photos/DON-7999967607/D-799996760711/babu.jpeg'),
('D-799996760711', 'Capture_test.PNG', '../uploads/donation_photos/DON-7999967607/D-799996760711/Capture_test.PNG'),
('D-799996760711', 'confirm.PNG', '../uploads/donation_photos/DON-7999967607/D-799996760711/confirm.PNG'),
('D-799996760712', '48918-Dark-brown-Pomeranian-puppy-white-background.jpg', '../uploads/donation_photos/DON-7999967607/D-799996760712/48918-Dark-brown-Pomeranian-puppy-white-background.jpg'),
('D-799996760712', 'pomeranian-names-MG-long.jpg', '../uploads/donation_photos/DON-7999967607/D-799996760712/pomeranian-names-MG-long.jpg'),
('D-799996760713', 'images.jpg', '../uploads/donation_photos/DON-7999967607/D-799996760713/images.jpg'),
('D-799996760713', 'images.png', '../uploads/donation_photos/DON-7999967607/D-799996760713/images.png'),
('D-94251551411', 'file_23144_chow-chow-460x290.jpg', '../uploads/donation_photos/DON-9425155141/D-94251551411/file_23144_chow-chow-460x290.jpg'),
('D-94251551411', '3-fullbody.jpg', '../uploads/donation_photos/DON-9425155141/D-94251551411/3-fullbody.jpg');

-- --------------------------------------------------------

--
-- Table structure for table `donatorcred`
--

DROP TABLE IF EXISTS `donatorcred`;
CREATE TABLE IF NOT EXISTS `donatorcred` (
  `id` varchar(16) NOT NULL,
  `username` varchar(40) CHARACTER SET utf8mb4 COLLATE utf8mb4_0900_ai_ci NOT NULL,
  `pass` varchar(255) NOT NULL,
  `dob` date DEFAULT NULL,
  `email` varchar(150) NOT NULL,
  `contact` bigint NOT NULL,
  `address` varchar(150) NOT NULL,
  `city` varchar(40) NOT NULL,
  `state` varchar(40) NOT NULL,
  `pinCode` int NOT NULL,
  `directory` text NOT NULL,
  `donations` int NOT NULL DEFAULT '0',
  `emailVerified` bit(1) NOT NULL DEFAULT b'0',
  PRIMARY KEY (`id`),
  UNIQUE KEY `email` (`email`),
  UNIQUE KEY `contact` (`contact`)
) ENGINE=MyISAM DEFAULT CHARSET=utf8mb4 COLLATE=utf8mb4_0900_ai_ci;

--
-- Dumping data for table `donatorcred`
--

INSERT INTO `donatorcred` (`id`, `username`, `pass`, `dob`, `email`, `contact`, `address`, `city`, `state`, `pinCode`, `directory`, `donations`, `emailVerified`) VALUES
('DON-9876543210', 'Saurabh Mishra', '$2y$10$pK/E/p/Ke/xSMir9wOvJW.EiH2egNxNnHg5YrW7asO6zPp/dXIjcO', '2000-03-31', 'saurabhmishra@gmail.com', 9876543210, 'asdfadsfafdsadsf', 'adsfasfdasdfaf', 'adsfafasdfdafdsaf', 482001, '../uploads/donation_photos/DON-9876543210', 3, b'0'),
('DON-7999967607', 'Sankalp', '$2y$10$xZQ/BjaoB6xFZkgzSSyENuOR83TQ75eU5xgJbp/1PNoWRch5ZM0Yq', '2000-03-20', 'sankalpprithyani@gmail.com', 7999967607, 'asdfadsfafdsadsf', 'adsfasfdasdfaf', 'Gujarat', 482001, '../uploads/donation_photos/DON-7999967607', 13, b'1'),
('DON-9425155141', 'Akshay Prithyani', '$2y$10$tuU7yjW0XRVA5l1Jrzmd3ed7kGvJ1Uo70c5qf58gALKvAnrk9z7Xy', '1995-12-31', '190510101125@paruluniversity.ac.in', 9425155141, '785, Hari Om Vihar, Napier Town', 'Jabalpur', 'Madhya Pradesh', 482001, '../uploads/donation_photos/DON-9425155141', 3, b'1'),
('DON-8484668487', 'Priya Patel', '$2y$10$aY/3KkQ25hOBdN7uj2Uc/.jP/JNcALT9mQRSNnGPpEE0ifB1NYYQ2', '1991-02-02', 'priya.patel42089@paruluniversity.ac.in', 8484668487, 'PICA, Parul University, Post Limda, Waghodia', 'Vadodara', 'Gujarat', 358001, '../uploads/donation_photos/DON-8484668487', 1, b'0'),
('DON-7888878899', 'Shanky', '$2y$10$Ji5gtl1UQnBHM/pXAVdNU.LuVh8HQbPEQE/qSkGTff7giDG6AGnS.', '1990-03-23', 'shanky@gmail.com', 7888878899, 'asdf', 'asdf', 'asdf', 123345, '../uploads/donation_photos/DON-7888878899', 0, b'0'),
('DON-7888865650', 'Bunty', '$2y$10$dsF/dh52upcqe4pUqmY7febsFTorrA2HtnDew2Isqm3FdbXa5SJEG', '2000-03-23', 'bunty@gmail.com', 7888865650, '785', 'South', 'Goa', 785522, '../uploads/donation_photos/DON-7888865650', 0, b'0');

-- --------------------------------------------------------

--
-- Table structure for table `faq`
--

DROP TABLE IF EXISTS `faq`;
CREATE TABLE IF NOT EXISTS `faq` (
  `question` varchar(255) NOT NULL,
  `response` text NOT NULL
) ENGINE=MyISAM DEFAULT CHARSET=utf8mb4 COLLATE=utf8mb4_0900_ai_ci;

-- --------------------------------------------------------

--
-- Table structure for table `ngocred`
--

DROP TABLE IF EXISTS `ngocred`;
CREATE TABLE IF NOT EXISTS `ngocred` (
  `id` varchar(20) NOT NULL,
  `orgName` varchar(50) NOT NULL,
  `startUpDate` date NOT NULL,
  `email` varchar(150) NOT NULL,
  `pass` varchar(255) NOT NULL,
  `contact` bigint NOT NULL,
  `address` varchar(150) NOT NULL,
  `city` varchar(40) NOT NULL,
  `state` varchar(40) NOT NULL,
  `pinCode` int NOT NULL,
  `registratedOn` date NOT NULL,
  `verify` bit(1) DEFAULT b'0',
  `licenseName` text NOT NULL,
  `licensePath` text NOT NULL,
  `emailVerified` bit(1) NOT NULL DEFAULT b'0',
  PRIMARY KEY (`id`),
  UNIQUE KEY `email` (`email`),
  UNIQUE KEY `contact` (`contact`)
) ENGINE=MyISAM DEFAULT CHARSET=utf8mb4 COLLATE=utf8mb4_0900_ai_ci;

--
-- Dumping data for table `ngocred`
--

INSERT INTO `ngocred` (`id`, `orgName`, `startUpDate`, `email`, `pass`, `contact`, `address`, `city`, `state`, `pinCode`, `registratedOn`, `verify`, `licenseName`, `licensePath`, `emailVerified`) VALUES
('SWG-7999967607', 'Name', '2000-03-02', 'Sankalp@gmail.com', '$2y$10$R1psc/z0iyH/WP2uHyWvFOkIiMEzPtju9LCr7iE2v1gyJfDHpLpsy', 7999967607, 'parul university, waghodia', 'Vadodara', 'Gujarat', 356002, '0000-00-00', b'0', 'Sankalp.jpeg', '../uploads/ngo_doc/Sankalp.jpeg', b'0'),
('SWG-9425151183', 'Yash', '2001-03-02', 'nagar@gmail.com', '$2y$10$q/8LiM/ZidQ1mHKItV7w4.L.SvMArtRU1AACzdpeGqOz.lLFD8meW', 9425151183, '785', 'JBP', 'MP', 482001, '0000-00-00', b'0', 'nagar.jpeg', '../uploads/ngo_doc/nagar.jpeg', b'0'),
('SWG-9484812448', 'DreamComeTrue', '2000-10-20', 'yashi33256@gmail.com', '$2y$10$Mz3VOowhjPhk5agnpjJ..uXexLr10WvEEGSFy0cZvTUOxL2GZCHIy', 9484812448, 'SSV School', 'Vadodara', 'Gujarat', 482001, '0000-00-00', b'0', 'yashi33256.jpeg', '../uploads/ngo_doc/yashi33256.jpeg', b'0'),
('SWG-7996769907', 'JayMangal', '2000-02-20', 'mishrasaurabha1@gmail.com', '$2y$10$a6m2yVGsby.mD4AzZ0L/KeZmfJ2al8u0Uq5pYgNF.kYLTmkIDuMQ.', 7996769907, '40, Jay Mangal', 'Vadodara', 'Gujarat', 482006, '0000-00-00', b'1', 'mishrasaurabha1.jpeg', '../uploads/ngo_doc/mishrasaurabha1.jpeg', b'0'),
('SWG-7999967680', 'Benifactors', '2000-03-23', 'leagueshadow01@gmail.com', '$2y$10$N5wjPoN3ELnal9A5/WBbC.dTVSVttZO.uV2pKXv42rTR.FiGWTRZG', 7999967680, 'uma char rasta', 'vadodara', 'gujarat', 482001, '0000-00-00', b'1', 'leagueshadow01.png', '../uploads/ngo_doc/leagueshadow01.png', b'0'),
('SWG-8979878887', 'Name', '1995-11-05', 'san@gmail.com', '$2y$10$Y8dmvVSmyvNXZ8PIWsYE2ux0Gxivr9qXy//ggchBQmv0wvR0Nwc46', 8979878887, 'asdfadsfafdsadsf', 'adsfasfdasdfaf', 'adsfafasdfdafdsaf', 482001, '0000-00-00', b'0', 'san.png', '../uploads/ngo_doc/san.png', b'0'),
('SWG-6776770909', 'PetCare', '1998-09-20', 'info.computer@gmail.com', '$2y$10$3MG.QfdovtVPgw.VSLjdx.KpYojI0DLRM6OscIYlWWt.iHXw9Pr0O', 6776770909, 'queen mary school', 'Bhopal', 'Madhya Pradesh', 453002, '0000-00-00', b'1', 'info.computer.jpg', '../uploads/ngo_doc/info.computer.jpg', b'0'),
('SWG-8989812448', 'Bhopal Pet Zone', '1998-01-26', 'info.computermind1905@gmail.com', '$2y$10$q5WMY8Oy/kKzwqswl3LPu.y4Kum8cdvDJ5/A5LM3oquLsqKKu3Cd2', 8989812448, 'queen marry school', 'Bhopal', 'Madhya Pradesh', 453002, '0000-00-00', b'1', 'pd9581.png', '../uploads/ngo_doc/pd9581.png', b'1');

-- --------------------------------------------------------

--
-- Table structure for table `states`
--

DROP TABLE IF EXISTS `states`;
CREATE TABLE IF NOT EXISTS `states` (
  `stateID` text NOT NULL,
  `stateName` text NOT NULL,
  PRIMARY KEY (`stateID`(15))
) ENGINE=MyISAM DEFAULT CHARSET=utf8mb4 COLLATE=utf8mb4_0900_ai_ci;

--
-- Dumping data for table `states`
--

INSERT INTO `states` (`stateID`, `stateName`) VALUES
('STATE-0', 'Andhra Pradesh'),
('STATE-1', 'Arunachal Pradesh'),
('STATE-2', 'Assam'),
('STATE-3', 'Bihar'),
('STATE-4', 'Chhattisgarh'),
('STATE-5', 'Dadra and Nagar Haveli'),
('STATE-6', 'Daman and Diu'),
('STATE-7', 'Delhi'),
('STATE-8', 'Goa'),
('STATE-9', 'Gujarat'),
('STATE-10', 'Haryana'),
('STATE-11', 'Himachal Pradesh'),
('STATE-12', 'Jammu and Kashmir'),
('STATE-13', 'Jharkhand'),
('STATE-14', 'Karnataka'),
('STATE-15', 'Kerala'),
('STATE-16', 'Madhya Pradesh'),
('STATE-17', 'Maharashtra'),
('STATE-18', 'Manipur'),
('STATE-19', 'Meghalaya'),
('STATE-20', 'Mizoram'),
('STATE-21', 'Nagaland'),
('STATE-22', 'Orissa'),
('STATE-23', 'Puducherry'),
('STATE-24', 'Punjab'),
('STATE-25', 'Rajasthan'),
('STATE-26', 'Sikkim'),
('STATE-27', 'Tamil Nadu'),
('STATE-28', 'Tripura'),
('STATE-29', 'Uttar Pradesh'),
('STATE-30', 'Uttarakhand'),
('STATE-31', 'West Bengal');
COMMIT;

/*!40101 SET CHARACTER_SET_CLIENT=@OLD_CHARACTER_SET_CLIENT */;
/*!40101 SET CHARACTER_SET_RESULTS=@OLD_CHARACTER_SET_RESULTS */;
/*!40101 SET COLLATION_CONNECTION=@OLD_COLLATION_CONNECTION */;
